Date,Open,High,Low,Close,id,ATR,RSI
,1.0,1.001,1.0,1.001,tether,0.0009999999999998899,
,0.999299,1.0,0.999299,0.999478,tether,0.001050071428571315,
,1.001,1.001,0.999806,0.999806,tether,0.0010837806122447862,
,1.001,1.001,0.998543,1.0,tether,0.0011818677113701538,
,1.001,1.001,1.0,1.0,tether,0.0011688771605579923,
,1.001,1.002,1.0,1.001,tether,0.0012282430776609928,
,1.003,1.007,1.003,1.004,tether,0.0015690828578280652,
,1.007,1.007,1.0,1.0,tether,0.0019570055108403387,
,1.006,1.01,1.006,1.008,tether,0.0025315051172088866,
,1.005,1.008,1.001,1.001,tether,0.0028506833231225458,
,1.002,1.002,1.001,1.001,tether,0.0027184916571852294,
,1.001,1.002,1.001,1.002,tether,0.002595742253100578,
,1.0,1.001,1.0,1.001,tether,0.0025531892350219654,
,1.001,1.001,1.001,1.001,tether,0.0023708185753775392,
,1.001,1.002,1.001,1.001,tether,0.0022729029628505803,50.0
,1.001,1.002,1.001,1.001,tether,0.0021819813226469755,50.0
,1.001,1.002,1.0,1.002,tether,0.0021689826567436203,52.05604355119862
,1.001,1.001,1.0,1.0,tether,0.002156912466976219,47.820661751463525
,1.001,1.001,1.001,1.001,tether,0.0020742758621921952,50.01070701613415
,1.001,1.001,1.001,1.001,tether,0.0019261133006070385,50.01070701613415
,1.0,1.002,1.0,1.002,tether,0.0019313909219922502,52.33108714852253
,1.001,1.001,0.998774,0.999773,tether,0.0020238629989928003,47.088975287873744
,0.999993,1.001,0.999993,1.0,tether,0.001966944213350448,47.664459697402435
,1.002,1.002,0.999302,0.999371,tether,0.0020191624838254148,46.16608674431238
,1.001,1.001,1.0,1.0,tether,0.0019912937349807337,47.928901486617974
,1.0,1.001,0.999663,1.001,tether,0.0019445584681963902,50.69324001450384
,1.0,1.0,1.0,1.0,tether,0.0018770900061823546,47.951768132372116
,1.0,1.0,1.0,1.0,tether,0.0017430121485979009,47.951768132372116
,1.0,1.002,1.0,1.0,tether,0.001761368423698051,47.951768132372116
,0.999849,1.001,0.999803,1.001,tether,0.0017210563934338967,51.2448909528749
,1.001,1.001,0.999,0.999058,tether,0.0017409809367600392,45.256418713820956
,0.999088,0.999607,0.998907,0.999607,tether,0.001666625155562896,47.13713784781254
,1.0,1.001,0.999061,1.001,tether,0.0016860805015941117,51.67380383599572
,1.001,1.001,0.9997,1.0,tether,0.0016585033229088077,48.45872461354314
,0.99982,1.0,0.999451,1.0,tether,0.0015792530855581802,48.45872461354313
,0.999596,1.0,0.999019,0.999019,tether,0.0015365207223040252,45.25519969607281
,0.999796,0.999999,0.999232,0.999999,tether,0.0014967692421394506,48.89018131079681
,1.0,1.0,0.999836,1.0,tether,0.0014015714391294937,48.89391029551267
,1.0,1.001,1.0,1.001,tether,0.0013728877649059508,52.61692052021761
,1.001,1.001,0.999807,1.0,tether,0.001360038638841232,48.78928388140553
,1.0,1.0,0.999749,0.999749,tether,0.0012808215932097154,47.84841046915066
,0.999898,1.001,0.999606,1.001,tether,0.0012889057651232997,52.74019122393683
,0.99974,1.0,0.99974,1.0,tether,0.0012868410676144875,48.799753768095115
,0.999867,0.999942,0.999242,0.999242,tether,0.0012490667056420269,45.99455859564299
,0.99868,0.998987,0.99832,0.99832,tether,0.0012257047980961664,42.77372061122355
,0.998873,0.999945,0.998873,0.998899,tether,0.0012542258839464394,45.36130810473427
,0.998938,0.999384,0.998713,0.998713,tether,0.0012125668922359856,44.66265256151731
,0.998893,0.998893,0.998893,0.998893,tether,0.0011388121142191345,45.53687973686484
,1.002,1.002,1.0,1.0,usd-coin,0.0020000000000000018,
,0.998852,1.001,0.998852,0.99999,usd-coin,0.002010571428571425,
,1.001,1.001,0.99988,1.001,usd-coin,0.0019469591836734589,
,1.001,1.001,0.999085,0.999628,usd-coin,0.0019446763848396324,
,1.001,1.001,1.0,1.0,usd-coin,0.0019037709287796536,
,1.001,1.002,0.993484,0.993484,usd-coin,0.0023760730052953902,
,0.965578,1.001,0.965578,1.001,usd-coin,0.004736496362059995,
,1.003,1.004,1.002,1.004,usd-coin,0.004612460907627146,
,1.001,1.006,1.001,1.005,usd-coin,0.004640142271368073,
,1.003,1.007,0.999799,0.999799,usd-coin,0.004823060680556061,
,1.002,1.002,0.999799,1.0,usd-coin,0.004635770631944915,
,1.0,1.001,1.0,1.001,usd-coin,0.004376072729663128,
,0.999286,1.001,0.999286,1.0,usd-coin,0.004185924677544325,
,1.001,1.001,1.0,1.0,usd-coin,0.003958358629148295,
,1.0,1.001,0.999721,1.001,usd-coin,0.0037669758699234107,51.712446057949045
,0.999354,1.0,0.999354,0.999641,usd-coin,0.0036154775935003046,49.24410436527847
,1.001,1.001,1.0,1.001,usd-coin,0.0034543006225359893,51.72559049250341
,1.001,1.001,0.999349,0.999669,usd-coin,0.0033254934352119794,49.189076252394095
,1.001,1.001,1.0,1.0,usd-coin,0.003183029618411114,49.84772984575518
,1.0,1.001,0.998538,0.998538,usd-coin,0.0031315275028103097,46.95262739520685
,0.998174,1.0,0.998174,0.999246,usd-coin,0.0030382755383238586,48.51215768147404
,1.002,1.002,0.998508,0.998842,usd-coin,0.0030706844284435868,47.65128808448961
,1.001,1.001,0.998225,0.999459,usd-coin,0.003049564112126178,49.1358125934876
,1.001,1.001,0.998042,0.998042,usd-coin,0.003043023818402873,45.91541664766301
,0.999595,1.0,0.999569,1.0,usd-coin,0.002965522117088383,50.72154870495838
,0.999627,1.0,0.999627,0.999661,usd-coin,0.0027803419658677816,49.89484556323728
,0.998199,1.001,0.998199,0.999733,usd-coin,0.0027818175397343646,50.08094323283982
,1.001,1.001,0.999678,0.999678,usd-coin,0.002677544858324763,49.928390156682056
,1.0,1.002,1.0,1.0,usd-coin,0.0026521487970158544,50.87192103488069
,0.999801,0.999937,0.999304,0.999798,usd-coin,0.0025124238829432955,50.23243803834886
,1.0,1.0,0.999347,0.999347,usd-coin,0.00237960789130449,48.75872455834139
,1.0,1.0,0.999417,0.999524,usd-coin,0.0022562787562113136,49.38631763205081
,1.0,1.0,0.999635,0.999805,usd-coin,0.0021291159879105077,50.42442835807342
,1.0,1.001,0.999369,1.001,usd-coin,0.002093536274488324,54.68137974659537
,0.999739,0.999752,0.999633,0.999752,usd-coin,0.002041640826310579,49.8656327962932
,1.0,1.0,0.999778,0.999778,usd-coin,0.0019135236244312538,49.964498553394115
,0.999672,1.0,0.999402,0.999822,usd-coin,0.001819557651257592,50.14368063777574
,0.999623,1.001,0.999623,0.999758,usd-coin,0.0017879463904534676,49.863966043350615
,1.0,1.0,0.999008,1.0,usd-coin,0.001731093076849648,50.97752753628917
,1.0,1.001,0.999034,1.001,usd-coin,0.0017478721427889527,55.387077058069934
,1.0,1.0,0.999468,0.999706,usd-coin,0.0017324527040183037,49.21772558178801
,0.999549,1.002,0.999549,1.001,usd-coin,0.0017837775108741378,54.656832600318054
,0.999957,1.0,0.999496,1.0,usd-coin,0.001763793402954545,50.183541417244165
,1.0,1.003,0.999738,0.999738,usd-coin,0.0018708081598863544,49.0508407943686
,0.999629,1.0,0.999629,0.999814,usd-coin,0.0017636790056087585,49.407568116241656
,1.0,1.0,0.999861,0.999861,usd-coin,0.0016509876480652773,49.64238722479654
,1.0,1.0,0.999688,0.999688,usd-coin,0.0015553456732034703,48.74554562665837
,0.999975,0.999975,0.999975,0.999975,usd-coin,0.0014647495536889315,50.348123812143164
,1.0,1.0,1.0,1.0,dai,0.0,
,0.999134,1.0,0.999134,0.999337,dai,6.185714285714524e-05,
,0.999832,1.0,0.999832,1.0,dai,0.00010479591836734695,
,1.0,1.0,0.99932,0.999801,dai,0.00014588192419825172,
,1.0,1.001,0.999728,1.0,dai,0.000226318929612658,
,1.001,1.001,0.995643,0.995643,dai,0.0005927961489260356,
,0.96699,0.999786,0.96699,0.999392,dai,0.002893024995431314,
,1.001,1.002,1.001,1.001,dai,0.002872666067186224,
,0.999966,1.003,0.999966,1.003,dai,0.0028841899195300555,
,1.0,1.004,0.997458,0.999283,dai,0.0031454620681350552,
,0.995827,1.001,0.995827,1.001,dai,0.0032902862061253996,
,0.999635,1.001,0.999635,1.001,dai,0.003152765762830717,
,0.99854,1.001,0.99854,1.001,dai,0.003103282494057088,
,1.001,1.001,0.999779,0.999779,dai,0.002968833744481576,
,1.0,1.001,0.999085,1.0,dai,0.002893559905590027,50.0
,1.0,1.0,0.999472,0.999472,dai,0.002724591340905023,48.63854365427264
,1.0,1.0,1.0,1.0,dai,0.002567691959411805,50.101743905963964
,1.0,1.001,0.999405,0.999869,dai,0.002498213962310955,49.72325941913901
,1.0,1.0,0.999902,0.999959,dai,0.0023291272507173144,50.00270525607186
,0.999673,1.0,0.999673,1.0,dai,0.0021861181613803612,50.13866816088785
,0.999674,0.999791,0.999303,0.999303,dai,0.0020797525784246175,47.76084509308468
,1.0,1.0,0.999312,0.999312,dai,0.0019809845371085697,47.795273028995375
,0.999331,1.001,0.998662,0.999326,dai,0.0020064856416008034,47.852845605739944
,1.0,1.001,0.99973,0.99973,dai,0.001982736667200735,49.58082895167289
,0.99974,0.99974,0.997914,0.999726,dai,0.0019715411909721104,49.56331707815213
,0.999802,1.0,0.999802,1.0,dai,0.0018502882487598164,50.84408335045163
,0.99979,1.001,0.999259,1.0,dai,0.0018424819452769639,50.84408335045163
,1.001,1.001,0.999941,0.999941,dai,0.0017865189491857467,50.52368578536981
,0.999633,1.001,0.999557,0.999557,dai,0.001761981881386755,48.38652538854237
,1.001,1.001,0.999933,0.999949,dai,0.0017391974612876913,50.68005424440295
,1.0,1.0,0.998677,0.998677,dai,0.0017094690711957107,43.86804647781097
,0.999855,1.0,0.999031,0.999549,dai,0.0016818641375388717,48.935302886828055
,0.999976,1.0,0.99887,1.0,dai,0.001642445270571807,51.37998584443833
,1.001,1.001,0.999462,1.0,dai,0.001634984894102387,51.37998584443834
,1.001,1.001,0.999453,0.999794,dai,0.001628700258809349,50.10918022157186
,0.999146,1.0,0.999146,1.0,dai,0.0015733645260372544,51.40359648345213
,0.999359,1.001,0.999359,0.999573,dai,0.0015781956313203,48.58948710737008
,0.999725,1.001,0.999535,0.999535,dai,0.0015701102290831314,48.33588227620446
,0.999742,1.0,0.999742,1.0,dai,0.0014911737841486255,51.660712632007595
,1.0,1.0,0.998615,1.0,dai,0.0014835899424237215,51.66071263200758
,1.001,1.001,0.999398,0.999895,dai,0.0014920478036791614,50.80448693730864
,0.999841,1.001,0.999508,1.001,dai,0.0014920443891306456,58.584019057619834
,0.999725,0.999725,0.999558,0.999684,dai,0.001488469789907024,48.70564291197509
,1.001,1.001,0.999104,0.999104,dai,0.0015175790906279435,45.09648505656948
,1.0,1.001,0.99987,0.99987,dai,0.0015446091555830833,50.331229298277215
,0.999635,1.0,0.999635,0.999738,dai,0.0014603513587557167,49.456153843370345
,0.999725,1.0,0.999725,0.999849,dai,0.0013756834045588816,50.23962913385526
,0.999731,0.999731,0.999731,0.999731,dai,0.001285848875661815,49.36362179296275
,1.002,1.002,1.0,1.0,binance-usd,0.0020000000000000018,
,0.998162,1.0,0.998162,1.0,binance-usd,0.0019884285714285737,
,1.002,1.002,0.999939,1.0,binance-usd,0.00199361224489796,
,0.999785,1.0,0.99965,1.0,binance-usd,0.0018762113702623887,
,1.001,1.001,1.0,1.0,binance-usd,0.0018136248438150675,
,1.002,1.002,0.997703,0.997703,binance-usd,0.0019910087835425623,
,0.995417,1.006,0.995417,1.002,binance-usd,0.0026047224418609513,
,1.001,1.005,1.001,1.005,binance-usd,0.002704385124585169,
,0.999166,1.007,0.999166,1.005,binance-usd,0.0030707861871147922,
,1.004,1.007,0.999154,0.999154,binance-usd,0.003411872888035158,
,1.001,1.001,1.0,1.001,binance-usd,0.003300024824604068,
,0.999988,1.002,0.999988,1.002,binance-usd,0.003208023051418064,
,1.0,1.003,1.0,1.0,binance-usd,0.003193164262031052,
,1.0,1.001,1.0,1.0,binance-usd,0.003036509671885969,
,1.001,1.002,1.0,1.002,binance-usd,0.002962473266751257,54.487121959974914
,1.001,1.001,1.001,1.001,binance-usd,0.0028222966048404613,51.975516762259474
,1.003,1.003,1.001,1.002,binance-usd,0.0027635611330661426,54.24676196464861
,1.001,1.001,0.999417,0.999417,binance-usd,0.002750663909275704,47.939974306843645
,1.001,1.001,1.001,1.001,binance-usd,0.002667259344327432,51.64996146052148
,1.001,1.001,1.0,1.0,binance-usd,0.002548169391161179,49.26170356220358
,0.99992,1.001,0.99992,1.001,binance-usd,0.0024433001489353704,51.66843041455241
,0.995311,1.001,0.995311,1.001,binance-usd,0.00267513585258284,51.66843041455241
,0.999861,1.001,0.999524,1.0,binance-usd,0.00258948329168406,48.97424172122215
,0.998883,1.0,0.998883,1.0,binance-usd,0.00248430591370663,48.97424172122216
,1.0,1.001,0.999595,0.999595,binance-usd,0.002407212634156148,47.80343229423824
,0.999079,1.0,0.999079,1.0,binance-usd,0.0023010545888592763,49.113535329679856
,0.998716,1.0,0.998716,0.999567,binance-usd,0.0022284078325121815,47.73407389199418
,1.0,1.002,1.0,1.0,binance-usd,0.002243021558761313,49.26858496607635
,0.999899,1.001,0.998844,1.0,binance-usd,0.0022368057331355,49.26858496607635
,1.0,1.0,0.999209,0.999783,binance-usd,0.0021335338950543917,48.44194920193378
,1.0,1.0,0.99968,0.99968,binance-usd,0.0020039957596933626,48.03002332626705
,0.999427,1.0,0.999427,0.999534,binance-usd,0.001901781776858126,47.41454975477388
,1.001,1.002,0.998635,0.998635,binance-usd,0.002006297364225399,43.70107677123213
,1.001,1.001,0.998537,1.001,binance-usd,0.0020389189810664336,53.92447093199697
,0.999037,1.0,0.998411,1.0,binance-usd,0.00207821048241882,49.80605067791765
,0.99974,1.0,0.99974,0.999764,binance-usd,0.0019483383051031931,48.85768818829895
,1.0,1.0,0.998423,0.999026,binance-usd,0.001921814140452969,45.913524600046394
,0.999969,1.001,0.999969,1.001,binance-usd,0.0019255417018491797,53.913336282399925
,1.0,1.002,1.0,1.001,binance-usd,0.0019308601517170957,53.913336282399925
,1.0,1.001,0.999636,1.001,binance-usd,0.0018903701408801547,53.913336282399925
,1.001,1.001,0.99931,1.0,binance-usd,0.0018760579879601336,49.29971061675843
,0.999913,1.001,0.999805,1.001,binance-usd,0.0018274109888201124,53.57786037763554
,0.999398,1.0,0.999398,1.0,binance-usd,0.0018113102039043817,49.114707241164126
,0.999871,1.002,0.999871,1.0,binance-usd,0.0018340023321969292,49.114707241164126
,0.999279,1.001,0.999279,0.999311,binance-usd,0.001825930737039996,46.04943324945954
,1.001,1.001,0.999862,0.999957,binance-usd,0.0018161499701085633,49.247677591731126
,0.999997,0.999997,0.999262,0.999895,binance-usd,0.0017389249722436688,48.947766612748985
,0.999627,0.999627,0.999627,0.999627,binance-usd,0.001633858902797688,47.59840969408061
,1.002,1.002,1.001,1.001,true-usd,0.001000000000000112,
,1.001,1.001,0.998731,0.998731,true-usd,0.0010906428571429508,
,1.001,1.001,0.99871,1.0,true-usd,0.0011763112244898759,
,1.0,1.0,0.998523,1.0,true-usd,0.0011977889941691669,
,0.999737,1.002,0.999667,1.0,true-usd,0.0012788754945856572,
,1.001,1.001,0.997969,0.997969,true-usd,0.0014040272449723885,
,0.993851,1.006,0.993851,1.003,true-usd,0.00217152529890293,
,1.006,1.006,1.004,1.006,true-usd,0.0022307020632670147,
,1.001,1.009,1.001,1.006,true-usd,0.0026427947730336574,
,1.006,1.007,0.999637,0.999637,true-usd,0.0029799522892455317,
,1.003,1.003,0.999899,1.001,true-usd,0.0030073128400137004,
,1.001,1.001,1.001,1.001,true-usd,0.002792504780012722,
,1.0,1.004,1.0,1.0,true-usd,0.002878754438583242,
,0.999939,1.0,0.998908,0.998908,true-usd,0.0027511291215415808,
,1.001,1.001,0.998913,1.0,true-usd,0.002704048470002887,47.96001631986963
,1.0,1.001,0.999272,1.001,true-usd,0.0026343307221455264,50.15031716922706
,1.004,1.004,0.999552,1.001,true-usd,0.0027638785277065607,50.15031716922706
,0.998406,0.99918,0.998406,0.998855,true-usd,0.002751744347156083,45.39706297951644
,0.99982,0.999947,0.999679,0.999679,true-usd,0.0026331911795020755,47.457287005999376
,1.008,1.008,0.999396,0.999396,true-usd,0.00305967752382336,46.80411674152661
,0.998463,1.001,0.998463,1.001,true-usd,0.003022343414978827,50.92671697298319
,0.995304,1.001,0.995304,0.999519,true-usd,0.0032133188853374767,47.28308595731978
,1.001,1.001,0.998347,0.99992,true-usd,0.0031732961078133645,48.36040791293103
,1.001,1.001,0.999675,0.999807,true-usd,0.003041274957255261,48.06233729189907
,0.999792,1.0,0.99928,1.0,true-usd,0.0028754696031656033,48.64454685088184
,0.99932,0.999977,0.999259,0.999977,true-usd,0.002723007488653774,48.5746653928056
,0.999458,1.0,0.999104,0.999104,true-usd,0.0025925069537499337,45.8804837348316
,1.001,1.001,0.999568,0.999568,true-usd,0.0025427564570535024,47.545759199167925
,1.0,1.0,0.997507,0.99943,true-usd,0.0025392024244068217,47.08174579690809
,0.999613,0.999613,0.99576,0.99576,true-usd,0.0026330451083777626,36.79682879229861
,0.998581,1.002,0.998581,1.002,true-usd,0.0028906847434936383,54.85462379635488
,1.002,1.002,1.002,1.002,true-usd,0.002684207261815521,54.85462379635488
,1.003,1.004,0.999967,0.999967,true-usd,0.0027805496002572664,49.50973574824613
,0.999705,0.999765,0.998979,0.999495,true-usd,0.0026525103430960406,48.33226050922776
,0.998716,0.999672,0.998336,0.998336,true-usd,0.0025584738900177526,45.47245996302901
,0.999334,0.999334,0.998572,0.998572,true-usd,0.002447011469302195,46.17089980868549
,1.0,1.0,0.999276,0.999941,true-usd,0.0023742249357806087,50.15908432861439
,0.999629,1.001,0.999629,0.999951,true-usd,0.0023025660117962725,50.18811601918673
,0.999853,1.001,0.999152,0.999472,true-usd,0.002270097010953671,48.724085247565725
,1.0,1.0,0.999351,0.999351,true-usd,0.002154304367314124,48.340470999167486
,1.001,1.001,0.999622,0.999854,true-usd,0.002118211198220251,50.09930529390961
,0.999998,0.999998,0.998405,0.999868,true-usd,0.002080696112633095,50.150177764672875
,0.998451,0.999023,0.998451,0.99865,true-usd,0.002033289247445017,45.777639949834814
,0.997942,1.002,0.997942,0.999796,true-usd,0.0021779114440560877,50.17908057807236
,0.999487,1.0,0.998733,0.998733,true-usd,0.0021128463409092256,46.41540720437312
,1.0,1.0,0.998915,0.998915,true-usd,0.0020524287451299966,47.146356023559534
,0.999301,0.999462,0.99838,0.99838,true-usd,0.0019831124061921337,45.19470713755529
,0.999126,0.999126,0.999126,0.999126,true-usd,0.001894747234321261,48.40212192661479
,0.999642,0.999642,0.998214,0.998214,frax,0.0014279999999999848,
,0.998952,1.0,0.998646,0.998646,frax,0.0014535714285714113,
,0.998806,1.002,0.998806,0.999996,frax,0.001589316326530594,
,1.002,1.002,0.999838,1.0,frax,0.0016302223032069799,
,1.001,1.002,0.996803,0.996803,frax,0.001884992138692196,
,1.001,1.001,0.994602,0.994602,frax,0.002207349843071318,
,0.964523,0.99745,0.964523,0.99745,frax,0.004401610568566219,
,1.001,1.003,1.001,1.003,frax,0.0044836383850972,
,1.001,1.007,1.001,1.005,frax,0.004591949929018829,
,1.002,1.005,0.997777,0.997777,frax,0.004779882076946047,
,1.001,1.002,0.999401,1.002,frax,0.004740104785735613,
,0.998957,1.001,0.998957,1.001,frax,0.004618883015325928,
,0.999502,1.002,0.999052,0.999855,frax,0.00449953422851693,
,0.999662,1.0,0.999424,0.999964,frax,0.004219281783622865,
,0.999378,1.001,0.999378,0.999734,frax,0.004033761656221224,52.4117796395024
,0.998972,1.001,0.998972,0.999099,frax,0.0038904929664911312,51.29854305142075
,0.999151,1.002,0.999151,0.999728,frax,0.003819814897456054,52.37756861408856
,1.002,1.002,0.997434,0.997434,frax,0.003873113833352047,48.184565558558056
,0.998501,1.001,0.998501,1.001,frax,0.003851177130969747,54.307969521094726
,0.997369,0.999738,0.997369,0.999738,frax,0.0038354501930433324,51.96736952034525
,0.997071,0.999731,0.997071,0.999382,frax,0.0037519894649688072,51.29575452522582
,0.996978,0.999951,0.996978,0.999273,frax,0.0036963473603281783,51.07809108385444
,1.002,1.002,0.997128,0.997392,frax,0.0037803225488761646,47.344549137130386
,0.999982,0.999982,0.996903,0.997828,frax,0.0037302280810992995,48.28808705444436
,0.99806,1.002,0.99806,1.002,frax,0.003761783218163632,56.34850620055312
,0.999584,0.999584,0.998463,0.998819,frax,0.003745727274009088,49.95485711869875
,0.998442,1.001,0.997568,0.997568,frax,0.0037233181830084302,47.66431607337647
,0.999362,1.0,0.998331,1.0,frax,0.0036310811699363987,52.248271618490826
,0.998376,1.001,0.998376,0.999494,frax,0.0035591468006552166,51.24262478544176
,1.001,1.001,0.998738,0.999099,frax,0.0034664934577512637,50.426671812017325
,0.998917,0.999534,0.99866,0.99866,frax,0.0032813153536261764,49.48359489984519
,0.998985,0.998985,0.998378,0.998378,frax,0.0030902928283671654,48.85156940220461
,0.999542,1.001,0.998635,0.998986,frax,0.0030568433406266463,50.324738738846634
,1.0,1.001,0.999779,0.999779,frax,0.0029823545305818753,52.256224063235145
,0.999854,0.999854,0.997543,0.998186,frax,0.0029344006355403176,48.20169140761284
,1.0,1.0,0.998825,0.99895,frax,0.002854372018716008,50.19748806873606
,0.997355,1.002,0.997355,1.001,frax,0.002982274017379151,55.18691576992717
,0.99829,1.0,0.99829,0.999264,frax,0.002962825873280632,50.566871723112726
,0.999452,0.999452,0.998628,0.998908,frax,0.002810052596617733,49.648951299693465
,0.998641,0.999098,0.996569,0.999098,frax,0.002789977411145038,50.168861148834885
,0.99886,0.99886,0.997794,0.997794,frax,0.002683836167491827,46.61155083904012
,0.999196,0.999471,0.998609,0.998624,frax,0.002611919298385271,49.08617048726626
,0.999795,0.999827,0.997448,0.99878,frax,0.0025952822056434675,49.559400823912036
,0.998018,0.998018,0.996638,0.996638,frax,0.002562904905240361,43.570963254248156
,0.998988,0.999209,0.998588,0.998588,frax,0.0025634831262946202,49.54775106126488
,0.9983,0.998477,0.997941,0.998342,frax,0.002426591474416438,48.84488994949396
,0.999723,0.999723,0.998186,0.998186,frax,0.002363049226243836,48.37623649613889
,0.99644,0.99644,0.99644,0.99644,frax,0.0023189742815121353,43.361570480054155
,1.002,1.002,0.997488,0.997488,usdd,0.0045119999999999605,
,0.997754,0.997754,0.996227,0.996227,usdd,0.004298785714285681,
,0.996647,0.998281,0.995096,0.998281,usdd,0.0042192295918367035,
,0.997405,0.997405,0.994116,0.995912,usdd,0.004215356049562652,
,0.999704,0.999704,0.998428,0.999301,usdd,0.004185116331736749,
,0.999837,0.999837,0.99704,0.99704,usdd,0.00408596516518412,
,0.966078,0.995096,0.966078,0.995096,usdd,0.0060056819390995435,
,0.998265,1.002,0.998265,1.002,usdd,0.006069847514878149,
,1.002,1.004,0.997197,0.997197,usdd,0.006122215549529711,
,0.997058,0.998749,0.992711,0.993283,usdd,0.006116200153134731,
,0.992015,0.992015,0.988809,0.991789,usdd,0.005998900142196535,
,0.988008,0.989145,0.988008,0.989145,usdd,0.005840478703468214,
,0.986945,0.990261,0.986945,0.990261,usdd,0.005660158796077627,
,0.992474,0.992474,0.991463,0.991463,usdd,0.005413933167786369,
,0.992254,0.992254,0.990205,0.990714,usdd,0.005173580798658769,40.618768003545206
,0.989539,0.991165,0.986342,0.986342,usdd,0.005148539313040279,35.932787997587425
,0.985738,0.988919,0.985437,0.988919,usdd,0.005029500790680258,40.30433758260179
,0.987903,0.990616,0.987396,0.990616,usdd,0.004900250734203098,43.05965589123495
,0.991693,0.991693,0.989901,0.991316,usdd,0.004678232824617164,44.2036806788388
,0.991051,0.999643,0.991051,0.998851,usdd,0.00495778762285879,54.74415048732797
,0.998465,1.002,0.998465,0.999731,usdd,0.00485615993551173,55.794455080875515
,1.001,1.001,0.998388,0.99967,usdd,0.004695862797260881,55.69795855737163
,0.99815,0.999616,0.99815,0.999317,usdd,0.004469015454599387,55.10403089990812
,1.001,1.001,0.998496,0.998496,usdd,0.004328657207842277,53.6705771904706
,0.999509,0.999948,0.999297,0.999948,usdd,0.004123181692996393,55.857653143154415
,0.999692,1.0,0.999213,1.0,usdd,0.0038848830006395067,55.93787520550684
,0.999555,1.0,0.999555,0.999727,usdd,0.0036391770720224014,55.368958424254416
,0.999593,1.0,0.999079,0.999079,usdd,0.0034450215668779404,53.9659519878064
,0.999622,1.001,0.999309,1.0,usdd,0.003336162883529505,55.68471562808138
,0.998936,0.998936,0.995775,0.995775,usdd,0.003399651248991686,47.01297141481691
,0.998368,0.998904,0.997643,0.998904,usdd,0.003380319016920855,52.86705072899377
,0.999501,0.999629,0.998845,0.998845,usdd,0.003194867658569366,52.74871060595984
,0.999527,0.999612,0.998533,0.999553,usdd,0.0030437342543858355,54.077149850027645
,0.999597,0.999597,0.99875,0.999558,usdd,0.0028868246647868424,54.086967000458316
,0.998133,0.998437,0.997875,0.998437,usdd,0.002800837188730639,51.43228373646129
,0.998498,0.999059,0.998498,0.999059,usdd,0.0026452059609641657,52.816115302233825
,0.999963,0.999963,0.998883,0.99921,usdd,0.002533405535181017,53.164996331313645
,0.999946,0.999946,0.999459,0.999459,usdd,0.0024050194255252275,53.772006253047095
,0.999621,1.0,0.999621,1.0,usdd,0.002271875180844855,55.13263121418691
,0.999888,0.999888,0.99908,0.999802,usdd,0.002175312667927368,54.500385965144886
,1.0,1.0,0.999042,0.999042,usdd,0.0020883617630754144,52.0338041888644
,0.99999,0.99999,0.999668,0.999845,usdd,0.0020069073514271747,54.382948967542454
,0.99806,0.99977,0.99806,0.99977,usdd,0.0019910568263252363,54.1163653061005
,0.99765,1.002,0.99765,0.999442,usdd,0.0021595527673020027,52.895172942916965
,0.997678,0.997761,0.997581,0.997581,usdd,0.002138227569637574,46.48557380890674
,0.998306,0.998959,0.998115,0.998115,usdd,0.002083925600377747,48.41709806199575
,0.998224,0.998224,0.996431,0.996431,usdd,0.0020631452003507683,43.13025051836145
,0.99688,0.99688,0.99688,0.99688,usdd,0.0019478491146114301,44.859114028208126
,1.0,1.0,1.0,1.0,paxos-standard,0.0,
,1.0,1.0,0.99085,0.993638,paxos-standard,0.000653571428571428,
,0.998152,0.999172,0.996404,0.999172,paxos-standard,0.0010021734693877495,
,0.999662,0.999779,0.998396,0.999779,paxos-standard,0.0010293753644314834,
,0.997846,1.001,0.997846,0.998912,paxos-standard,0.0011811342669720832,
,1.001,1.001,0.982448,0.996449,paxos-standard,0.0024219103907597845,
,0.98746,1.001,0.98746,1.001,paxos-standard,0.003216059648562649,
,1.003,1.005,1.0,1.005,paxos-standard,0.0033434839593795953,
,1.001,1.007,1.001,1.006,paxos-standard,0.003533235105138196,
,1.004,1.007,1.001,1.001,paxos-standard,0.0037094325976283252,
,1.002,1.002,0.999252,0.999252,paxos-standard,0.0036407588406548713,
,1.0,1.001,0.999633,1.001,paxos-standard,0.0035055617806080846,
,0.999727,1.002,0.998618,0.999498,paxos-standard,0.0034967359391360783,
,0.999554,1.001,0.999554,1.001,paxos-standard,0.003354254800626351,
,1.0,1.002,0.99944,1.0,paxos-standard,0.0032975223148673264,50.0
,0.999908,1.001,0.999098,1.0,paxos-standard,0.0031978421495196495,50.0
,1.003,1.003,0.999507,1.001,paxos-standard,0.0032189248531253787,51.485209435747585
,0.998337,0.999527,0.998035,0.998035,paxos-standard,0.003200787363616415,47.024994104249934
,0.998515,0.999001,0.99824,0.99824,paxos-standard,0.003041159694786673,47.36451446418583
,0.998021,1.0,0.998021,0.998986,paxos-standard,0.0029652911451590503,48.65415815394811
,0.999241,0.999897,0.998395,0.998395,paxos-standard,0.0028607703490762613,47.657928191464876
,0.997003,0.999478,0.997003,0.999478,paxos-standard,0.002833215324142243,49.69081221121727
,0.999791,0.999791,0.998873,0.999405,paxos-standard,0.0026964142295606524,49.551112923073944
,0.998259,0.99987,0.998259,0.998721,paxos-standard,0.0026188846417348937,48.18420053261052
,0.99901,1.0,0.998446,1.0,paxos-standard,0.002542821453039548,50.91110336930305
,0.999562,0.999849,0.99941,0.999646,paxos-standard,0.0024033342063938647,50.12482250013754
,1.001,1.001,0.998426,0.999231,paxos-standard,0.002415524620222864,49.16617024470449
,0.999357,0.999717,0.999357,0.999618,paxos-standard,0.002277701433064087,50.12412788391505
,0.999615,1.001,0.99915,0.999765,paxos-standard,0.0022471513307023598,50.50566781491103
,0.999391,0.999969,0.999391,0.999864,paxos-standard,0.002127926235652189,50.778757070483586
,0.997623,1.001,0.997623,1.001,paxos-standard,0.002217145790248451,53.920595333173246
,1.001,1.001,0.998829,1.0,paxos-standard,0.0022138496623735565,50.843953685981106
,0.999657,1.0,0.998118,1.0,paxos-standard,0.0021901461150611633,50.8439536859811
,1.001,1.001,0.999272,1.0,paxos-standard,0.0021571356782710688,50.8439536859811
,1.0,1.0,1.0,1.0,paxos-standard,0.002003054558394564,50.843953685981106
,0.998574,1.0,0.998574,0.999334,paxos-standard,0.0019618363756520978,48.371518476597345
,0.999719,0.999719,0.998318,0.998635,paxos-standard,0.0019217766345340898,45.8513731718594
,1.0,1.0,0.999248,0.999248,paxos-standard,0.0018820068749245086,48.39077362056307
,1.0,1.003,0.999932,1.002,paxos-standard,0.0020155778124298913,57.92956562185972
,1.001,1.002,1.0,1.002,paxos-standard,0.002014465111542042,57.92956562185972
,0.999887,0.999887,0.999441,0.999441,paxos-standard,0.002053360460717609,48.30189133220944
,0.999689,1.001,0.999471,1.001,paxos-standard,0.0020180489992377704,53.38476702986653
,0.999744,1.0,0.999719,0.999949,paxos-standard,0.0019654026421493487,49.82804468406486
,1.001,1.009,0.998831,0.998831,paxos-standard,0.0025513738819958145,46.29468752043487
,1.008,1.008,0.999607,0.999607,paxos-standard,0.003024061461853255,48.998054698079656
,1.001,1.001,0.999757,0.999757,paxos-standard,0.0029075570717208704,49.52694017755574
,0.999782,1.0,0.999494,0.99969,paxos-standard,0.0027360172808836656,49.28111652447
,0.999974,0.999974,0.999974,0.999974,paxos-standard,0.00256087318939198,50.404815289010344
,1817.11,1834.91,1817.11,1834.91,pax-gold,17.800000000000182,
,1822.11,1822.11,1812.22,1812.22,pax-gold,18.149285714285888,
,1815.73,1815.73,1794.9,1797.3,pax-gold,18.340765306122606,
,1806.52,1829.19,1806.52,1829.19,pax-gold,19.308567784256713,
,1846.33,1853.77,1835.98,1835.98,pax-gold,19.6850986568098,
,1810.44,1862.46,1808.15,1862.46,pax-gold,22.158305895609097,
,1896.84,1926.75,1896.84,1912.59,pax-gold,25.167712617351302,
,1932.36,1973.12,1864.23,1973.12,pax-gold,31.1478760018262,
,1980.81,1996.42,1955.92,1987.08,pax-gold,31.815884858838615,
,1999.22,2011.64,1986.84,1986.84,pax-gold,31.31475022606444,
,1982.53,1987.25,1980.45,1980.45,pax-gold,29.56369663848841,
,1976.6,1976.87,1972.44,1972.44,pax-gold,28.02414687859638,
,1983.74,2028.92,1983.74,2014.19,pax-gold,30.0567078158395,
,2019.02,2020.01,2006.98,2006.98,pax-gold,28.84051440042239,
,2023.92,2046.98,2018.85,2018.85,pax-gold,29.637620514677934,80.36716634748727
,2017.4,2017.46,2011.01,2011.01,pax-gold,28.080647620772364,78.18747003909127
,2009.74,2009.74,1977.47,1977.47,pax-gold,28.470601362145764,69.50283572975562
,1975.66,2002.13,1975.66,1986.85,pax-gold,28.327701264849644,70.49004095548975
,1985.97,1994.88,1980.34,1994.88,pax-gold,27.34286546021754,71.34519209397898
,1997.44,2014.15,1995.9,2014.15,pax-gold,26.76623221305914,73.34164243863702
,2043.37,2051.42,2020.69,2024.63,pax-gold,27.516501340697772,74.38681696423014
,2018.83,2040.83,2018.83,2040.83,pax-gold,27.122465530647933,75.95609143711397
,2023.49,2025.61,2018.11,2018.11,pax-gold,26.808003707030228,69.52269991206448
,2018.68,2018.68,1978.66,1978.66,pax-gold,27.75171772795664,60.0171715447618
,1997.19,1997.19,1980.29,1980.29,pax-gold,27.09302360453116,60.258948147314904
,1985.31,1985.31,1962.78,1962.78,pax-gold,26.767093347064648,56.31909826373416
,1964.91,1969.19,1957.26,1969.19,pax-gold,25.707300965131466,57.41672272558217
,1969.92,1981.63,1955.81,1955.81,pax-gold,25.715350896193517,54.34685698569325
,1947.0,1949.34,1917.56,1936.72,pax-gold,26.610682975036838,50.22111705044544
,1923.93,1923.93,1916.21,1920.48,pax-gold,26.17491990539135,46.955405717537644
,1917.96,1931.66,1914.07,1918.61,pax-gold,25.56171134072055,46.579802475217285
,1930.38,1943.08,1926.55,1926.55,pax-gold,25.483731959240515,48.464802076725135
,1926.59,1927.96,1904.96,1904.96,pax-gold,25.306322533580477,43.92597149965717
,1909.49,1909.49,1905.34,1906.13,pax-gold,23.822299495467586,44.230782043446915
,1903.07,1903.07,1889.89,1893.11,pax-gold,23.280706674362758,41.52561488987868
,1900.42,1900.42,1894.57,1897.31,pax-gold,22.13994191190829,42.742157860754894
,1895.88,1896.72,1891.45,1891.45,pax-gold,20.97708891820055,41.44652219802503
,1905.31,1907.61,1903.02,1907.61,pax-gold,20.63301113832907,46.2823607348421
,1918.95,1946.77,1918.95,1928.18,pax-gold,21.956367485591286,51.745412578878366
,1922.27,1939.12,1917.79,1939.12,pax-gold,21.91162695090619,54.40146710800876
,1939.21,1939.21,1923.17,1923.17,pax-gold,21.49222502584146,50.073954706672694
,1932.07,1957.31,1932.07,1957.31,pax-gold,22.39563752399563,57.810086455386774
,1941.65,1948.25,1941.65,1946.62,pax-gold,21.91452055799593,54.9394394828482
,1952.44,1952.44,1928.89,1928.89,pax-gold,22.031340518139075,50.463641575641546
,1931.16,1940.99,1931.16,1937.93,pax-gold,21.321959052557705,52.584683611740374
,1942.67,1942.67,1915.54,1915.54,pax-gold,21.736819120232163,47.19468518318981
,1909.4,1909.4,1898.61,1898.61,pax-gold,21.39347489735844,43.55893392257599
,1897.58,1897.58,1897.58,1897.58,pax-gold,19.938940976118552,43.34017955831402
,1847.46,1847.46,1844.58,1844.58,tether-gold,2.880000000000109,
,1843.55,1845.29,1837.51,1837.51,tether-gold,3.2300000000000995,
,1824.88,1824.88,1809.72,1810.65,tether-gold,4.984285714285804,
,1813.7,1839.66,1813.7,1839.66,tether-gold,6.700408163265388,
,1856.21,1857.23,1849.62,1849.62,tether-gold,7.476807580174999,
,1821.4,1862.74,1816.48,1862.74,tether-gold,10.247035610162499,
,1860.0,1906.37,1860.0,1906.37,tether-gold,12.82724735229374,
,1917.14,1980.91,1917.14,1980.91,tether-gold,17.2353011128442,
,1996.64,1996.64,1940.73,1970.44,tether-gold,19.997779604783908,
,2004.08,2004.08,1977.66,1977.83,tether-gold,20.972223918727906,
,1963.7,1984.87,1963.7,1984.87,tether-gold,20.9863507816759,
,1991.48,1991.48,1966.15,1966.15,tether-gold,21.296611440127617,
,1989.88,2025.16,1989.88,2025.16,tether-gold,23.99042490868993,
,2011.05,2019.93,2011.01,2019.93,tether-gold,23.287537415212086,
,2004.46,2042.54,2004.46,2010.3,tether-gold,24.344141885554077,75.75851778164639
,2008.74,2008.74,1999.85,2006.47,tether-gold,23.351703179443074,74.79943146671205
,1995.07,2005.91,1985.73,1988.71,tether-gold,23.16515295234,70.35178540376356
,1988.23,1998.52,1988.23,1994.21,tether-gold,22.245499170029998,70.92829538570516
,1991.82,1992.17,1991.54,1991.54,tether-gold,20.847249229313572,70.21450876564776
,1991.51,2017.19,1984.72,2017.19,tether-gold,21.677445712934034,73.02317718548753
,2051.21,2051.21,2017.44,2017.44,tether-gold,22.559056733438748,73.04985155655515
,2025.57,2032.03,2023.53,2029.98,tether-gold,21.989838395335976,74.41634690485964
,2017.49,2017.49,2013.89,2015.62,tether-gold,21.568421367097685,70.03693575804198
,2015.93,2015.93,1957.46,1957.46,tether-gold,24.204248412304995,55.7314566254855
,1977.47,1977.73,1972.4,1972.4,tether-gold,23.923230668568923,58.09906500630893
,1975.14,1975.14,1945.45,1958.98,tether-gold,24.335142763671147,55.24105839456397
,1942.23,1958.21,1938.87,1958.21,tether-gold,24.03334685198036,55.07365629967784
,1964.41,1976.29,1958.28,1958.28,tether-gold,23.608107791124617,55.08698117465705
,1958.56,1963.65,1958.25,1959.34,tether-gold,22.307528663187153,55.30316903772847
,1943.62,1964.19,1943.62,1959.32,tether-gold,22.18341947295951,55.29776055535057
,1957.03,1959.25,1942.71,1943.07,tether-gold,21.785318082033825,50.938807171390565
,1957.74,1958.81,1956.49,1958.81,tether-gold,21.353509647602838,54.666419571950954
,1951.71,1951.71,1917.89,1917.89,tether-gold,22.751116101345485,45.07752965323339
,1921.04,1924.65,1921.04,1921.73,tether-gold,21.60889352267795,46.03416600187418
,1913.73,1913.73,1908.05,1908.89,tether-gold,21.042543985343816,43.31725021159949
,1918.0,1918.0,1910.15,1915.24,tether-gold,20.190219414962108,45.04467467794361
,1919.71,1926.93,1912.08,1912.08,tether-gold,19.808775171036253,44.32081573927705
,1926.67,1926.67,1923.06,1923.68,tether-gold,19.436005515962243,47.646721652383754
,1931.94,1958.27,1931.94,1952.31,tether-gold,20.518433693393508,54.81990992697168
,1952.09,1977.82,1952.09,1977.82,tether-gold,20.890688429579686,60.069729672201504
,1977.63,1977.63,1960.66,1960.66,tether-gold,20.6242106846097,55.405878797920124
,1961.15,1971.71,1957.21,1971.71,tether-gold,20.186767064280435,57.684231162280255
,1947.54,1959.82,1947.54,1959.79,tether-gold,20.471283702546124,54.452327612960126
,1963.57,1963.57,1937.56,1937.56,tether-gold,20.8669062952214,48.94481084492573
,1935.97,1943.23,1935.97,1943.23,tether-gold,19.8949844169913,50.324897729788724
,1936.37,1936.37,1918.66,1918.66,tether-gold,20.228914101491917,44.68772242265173
,1915.09,1915.73,1909.72,1909.72,tether-gold,19.4225630942425,42.80871756306797
,1901.08,1901.08,1901.08,1901.08,tether-gold,18.652380016082326,41.013855070990274
